<?xml version="1.0" encoding="UTF-8"?>
<project-private xmlns="http://www.netbeans.org/ns/project-private/1">
    <editor-bookmarks xmlns="http://www.netbeans.org/ns/editor-bookmarks/2" lastBookmarkId="0"/>
    <open-files xmlns="http://www.netbeans.org/ns/projectui-open-files/2">
        <group>
            <file>file:/C:/Users/STALIN/Desktop/progra/2%20Bimestre/13/MVC/src/crudmvc/CRUDMVC.java</file>
            <file>file:/C:/Users/STALIN/Desktop/progra/2%20Bimestre/13/MVC/src/Controlador/CrtTransferencia.java</file>
            <file>file:/C:/Users/STALIN/Desktop/progra/2%20Bimestre/13/MVC/src/Modelo/DataTransferencia.java</file>
            <file>file:/C:/Users/STALIN/Desktop/progra/2%20Bimestre/13/MVC/src/Controlador/CrtCajero.java</file>
        </group>
    </open-files>
</project-private>
