<?xml version="1.0" encoding="UTF-8"?>
<project-private xmlns="http://www.netbeans.org/ns/project-private/1">
    <editor-bookmarks xmlns="http://www.netbeans.org/ns/editor-bookmarks/2" lastBookmarkId="0"/>
    <open-files xmlns="http://www.netbeans.org/ns/projectui-open-files/2">
        <group>
            <file>file:/C:/Users/STALIN/Desktop/progra/v2/PA_SFCC/src/GUI/Retiro.java</file>
            <file>file:/C:/Users/STALIN/Desktop/progra/v2/PA_SFCC/src/Logica/ImpPersonaCuenta.java</file>
            <file>file:/C:/Users/STALIN/Desktop/progra/v2/PA_SFCC/src/GUI/REVISION.java</file>
            <file>file:/C:/Users/STALIN/Desktop/progra/v2/PA_SFCC/src/GUI/Deposito.java</file>
            <file>file:/C:/Users/STALIN/Desktop/progra/v2/PA_SFCC/src/Clases/PersonaCuenta.java</file>
            <file>file:/C:/Users/STALIN/Desktop/progra/v2/PA_SFCC/src/GUI/Opcion.java</file>
            <file>file:/C:/Users/STALIN/Desktop/progra/v2/PA_SFCC/src/Logica/ImpCliente.java</file>
        </group>
    </open-files>
</project-private>
