<?xml version="1.0" encoding="UTF-8"?>
<project-private xmlns="http://www.netbeans.org/ns/project-private/1">
    <editor-bookmarks xmlns="http://www.netbeans.org/ns/editor-bookmarks/2" lastBookmarkId="0"/>
    <open-files xmlns="http://www.netbeans.org/ns/projectui-open-files/2">
        <group>
            <file>file:/Z:/PROGRAMACION%20AVANZADA/PA_SFCC/src/Logica/ManPersonaCuenta.java</file>
            <file>file:/Z:/PROGRAMACION%20AVANZADA/PA_SFCC/src/Logica/ManCliente.java</file>
            <file>file:/Z:/PROGRAMACION%20AVANZADA/PA_SFCC/src/Logica/Transaccion.java</file>
            <file>file:/Z:/PROGRAMACION%20AVANZADA/PA_SFCC/src/GUI/Deposito.java</file>
            <file>file:/Z:/PROGRAMACION%20AVANZADA/PA_SFCC/src/Logica/ImpCliente.java</file>
            <file>file:/Z:/PROGRAMACION%20AVANZADA/PA_SFCC/src/Clases/Cliente.java</file>
        </group>
    </open-files>
</project-private>
