<?xml version="1.0" encoding="UTF-8"?>
<project-private xmlns="http://www.netbeans.org/ns/project-private/1">
    <editor-bookmarks xmlns="http://www.netbeans.org/ns/editor-bookmarks/2" lastBookmarkId="0"/>
    <open-files xmlns="http://www.netbeans.org/ns/projectui-open-files/2">
        <group>
            <file>file:/C:/Users/STALIN/Desktop/progra/2%20Bimestre/proyectoEscuela/penultimo/ProyectoEscuela/src/Logica/LogicaOfertaAcademica.java</file>
            <file>file:/C:/Users/STALIN/Desktop/progra/2%20Bimestre/proyectoEscuela/penultimo/ProyectoEscuela/src/Logica/LogicaMateria.java</file>
            <file>file:/C:/Users/STALIN/Desktop/progra/2%20Bimestre/proyectoEscuela/penultimo/ProyectoEscuela/src/Clases/OfertaAcademica.java</file>
            <file>file:/C:/Users/STALIN/Desktop/progra/2%20Bimestre/proyectoEscuela/penultimo/ProyectoEscuela/src/Data/DataOfertaAcademica.java</file>
            <file>file:/C:/Users/STALIN/Desktop/progra/2%20Bimestre/proyectoEscuela/penultimo/ProyectoEscuela/src/Interfaz/GUI_CrearOfertarAcademica.java</file>
            <file>file:/C:/Users/STALIN/Desktop/progra/2%20Bimestre/proyectoEscuela/penultimo/ProyectoEscuela/src/Interfaz/GUI_CrearParalelo.java</file>
        </group>
    </open-files>
</project-private>
