<?xml version="1.0" encoding="UTF-8"?>
<project-private xmlns="http://www.netbeans.org/ns/project-private/1">
    <editor-bookmarks xmlns="http://www.netbeans.org/ns/editor-bookmarks/2" lastBookmarkId="0"/>
    <open-files xmlns="http://www.netbeans.org/ns/projectui-open-files/2">
        <group>
            <file>file:/C:/Users/UTPL/Dropbox/Clases/clase%2011/Cooperativa/src/Logica/LogicaCajero.java</file>
            <file>file:/C:/Users/UTPL/Dropbox/Clases/clase%2011/Cooperativa/src/N_GUI/RealizarDeposito.java</file>
            <file>file:/C:/Users/UTPL/Dropbox/Clases/clase%2011/Cooperativa/src/Clases/Cliente.java</file>
            <file>file:/C:/Users/UTPL/Dropbox/Clases/clase%2011/Cooperativa/src/Data/DataClientes.java</file>
            <file>file:/C:/Users/UTPL/Dropbox/Clases/clase%2011/Cooperativa/src/Data/DataCuenta.java</file>
            <file>file:/C:/Users/UTPL/Dropbox/Clases/clase%2011/Cooperativa/src/Data/DataCajero.java</file>
        </group>
    </open-files>
</project-private>
