<?xml version="1.0" encoding="UTF-8"?>
<project-private xmlns="http://www.netbeans.org/ns/project-private/1">
    <editor-bookmarks xmlns="http://www.netbeans.org/ns/editor-bookmarks/2" lastBookmarkId="0"/>
    <open-files xmlns="http://www.netbeans.org/ns/projectui-open-files/2">
        <group>
            <file>file:/Users/utpl/Dropbox/Escuela/Docencia/Clasica%20-%20Programacion%20Avanzada/Abril%20-%20Agosto%202018/Cooperativa_extr/CRUDMVC/src/Vista/frmProducto.java</file>
            <file>file:/Users/utpl/Dropbox/Escuela/Docencia/Clasica%20-%20Programacion%20Avanzada/Abril%20-%20Agosto%202018/Cooperativa_extr/CRUDMVC/src/Modelo/Conexion.java</file>
            <file>file:/Users/utpl/Dropbox/Escuela/Docencia/Clasica%20-%20Programacion%20Avanzada/Abril%20-%20Agosto%202018/Cooperativa_extr/CRUDMVC/src/crudmvc/CRUDMVC.java</file>
            <file>file:/Users/utpl/Dropbox/Escuela/Docencia/Clasica%20-%20Programacion%20Avanzada/Abril%20-%20Agosto%202018/Cooperativa_extr/CRUDMVC/src/Controlador/CrtProducto.java</file>
            <file>file:/Users/utpl/Dropbox/Escuela/Docencia/Clasica%20-%20Programacion%20Avanzada/Abril%20-%20Agosto%202018/Cooperativa_extr/CRUDMVC/src/Modelo/Producto.java</file>
        </group>
    </open-files>
</project-private>
